No.,weight,temp
0,7047915,0.7000000000000001
1,2417662,0.8
2,9244517,0.8
3,7785505,0.30000000000000004
4,7785583,0.30000000000000004
5,7146333,0.4
6,1614550,0.8
7,2843804,0.9
8,1081808,0.5
9,1327695,0.9
